entryID,imageSet,thumbnailID,imgFileName,likes,submitterID
0,1000,0,1000home0.jpg,783,
1,1000,1,1000home1.jpg,651,
3,1000,3,1000home3.jpg,113,
4,1000,4,1000home4.jpg,111,
2,1000,2,1000home2.jpg,91,
5,1000,5,1000home5.jpg,800,
6,1000,6,1000home6.jpg,894,
7,1000,7,1000home7.jpg,753,
8,1000,8,1000home8.jpg,769,
9,1001,0,1001home0.jpg,984,
11,1001,2,1001home2.jpg,124,
10,1001,1,1001home1.jpg,298,
12,1001,3,1001home3.jpg,257,
13,1001,4,1001home4.jpg,900,
14,1001,5,1001home5.jpg,441,
15,1001,6,1001home6.jpg,960,
16,1002,0,1002home0.jpg,928,
17,1002,1,1002home1.jpg,906,
18,1002,2,1002home2.jpg,245,
19,1002,3,1002home3.jpg,841,
20,1002,4,1002home4.jpg,305,
21,1002,5,1002home5.jpg,172,
22,1002,6,1002home6.jpg,747,
23,1003,0,1003home0.jpg,293,
24,1003,1,1003home1.jpg,450,
25,1003,2,1003home2.jpg,497,
26,1003,3,1003home3.jpg,434,
27,1003,4,1003home4.jpg,937,
28,1003,5,1003home5.jpg,403,
29,1003,6,1003home6.jpg,916,
30,1004,0,1004home0.jpg,272,
31,1004,1,1004home1.jpg,521,
32,1004,2,1004home2.jpg,269,
33,1004,3,1004home3.jpg,548,
34,1004,4,1004home4.jpg,127,
35,1004,5,1004home5.jpg,311,
36,1004,6,1004home6.jpg,266,
37,1005,0,1005home0.jpg,368,
38,1005,1,1005home1.jpg,699,
39,1005,2,1005home2.jpg,746,
40,1005,3,1005home3.jpg,814,
42,1005,5,1005home5.jpg,10,
41,1005,4,1005home4.jpg,950,
43,1006,0,1006home0.jpg,406,
44,1006,1,1006home1.jpg,566,
45,1006,2,1006home2.jpg,996,
46,1006,3,1006home3.jpg,311,
47,1006,4,1006home4.jpg,665,
48,1006,5,1006home5.jpg,473,
49,1006,6,1006home6.jpg,240,
50,1007,0,1007home0.jpg,743,
51,1007,1,1007home1.jpg,502,
52,1007,2,1007home2.jpg,510,
53,1007,3,1007home3.jpg,60,
54,1007,4,1007home4.jpg,938,
55,1007,5,1007home5.jpg,30,
56,1008,0,1008home0.jpg,353,
57,1008,1,1008home1.jpg,976,
58,1008,2,1008home2.jpg,801,
59,1008,3,1008home3.jpg,110,
60,1008,4,1008home4.jpg,984,
61,1008,5,1008home5.jpg,590,
62,1008,6,1008home6.jpg,126,
63,1009,0,1009home0.jpg,900,
65,1009,2,1009home2.jpg,943,
64,1009,1,1009home1.jpg,152,
66,1009,3,1009home3.jpg,984,
67,1009,4,1009home4.jpg,219,
68,1009,5,1009home5.jpg,457,
69,1009,6,1009home6.jpg,708,
70,1010,0,1010home0.jpg,769,
71,1010,1,1010home1.jpg,435,
72,1010,2,1010home2.jpg,71,
73,1010,3,1010home3.jpg,572,
74,1010,4,1010home4.jpg,198,
75,1010,5,1010home5.jpg,713,
76,1010,6,1010home6.jpg,718,
77,1011,0,1011home0.jpg,581,
78,1011,1,1011home1.jpg,186,
79,1011,2,1011home2.jpg,253,
80,1011,3,1011home3.jpg,693,
81,1011,4,1011home4.jpg,113,
82,1011,5,1011home5.jpg,316,
83,1011,6,1011home6.jpg,776,
84,1012,0,1012home0.jpg,479,
85,1012,1,1012home1.jpg,356,
86,1012,2,1012home2.jpg,490,
87,1012,3,1012home3.jpg,842,
89,1012,5,1012home5.jpg,27,
88,1012,4,1012home4.jpg,638,
90,1012,6,1012home6.jpg,352,
91,1013,0,1013home0.jpg,11,
92,1013,1,1013home1.jpg,35,
93,1013,2,1013home2.jpg,281,
94,1013,3,1013home3.jpg,203,
95,1013,4,1013home4.jpg,297,
96,1013,5,1013home5.jpg,757,
97,1013,6,1013home6.jpg,25,
98,1014,0,1014home0.jpg,221,
100,1014,2,1014home2.jpg,312,
101,1014,3,1014home3.jpg,714,
99,1014,1,1014home1.jpg,783,
102,1014,4,1014home4.jpg,460,
103,1014,5,1014home5.jpg,275,
104,1014,6,1014home6.jpg,683,
105,1015,0,1015home0.jpg,225,
106,1015,1,1015home1.jpg,601,
107,1015,2,1015home2.jpg,825,
108,1015,3,1015home3.jpg,956,
110,1015,5,1015home5.jpg,60,
109,1015,4,1015home4.jpg,491,
111,1015,6,1015home6.jpg,978,
112,1016,0,1016home0.jpg,12,
113,1016,1,1016home1.jpg,444,
114,1016,2,1016home2.jpg,626,
115,1016,3,1016home3.jpg,700,
116,1016,4,1016home4.jpg,280,
117,1016,5,1016home5.jpg,406,
118,1016,6,1016home6.jpg,629,
119,1017,0,1017home0.jpg,729,
120,1017,1,1017home1.jpg,490,
121,1017,2,1017home2.jpg,509,
122,1017,3,1017home3.jpg,928,
123,1017,4,1017home4.jpg,758,
124,1017,5,1017home5.jpg,226,
125,1017,6,1017home6.jpg,297,
126,1018,0,1018home0.jpg,819,
127,1018,1,1018home1.jpg,413,
128,1018,2,1018home2.jpg,543,
129,1018,3,1018home3.jpg,189,
130,1018,4,1018home4.jpg,141,
131,1018,5,1018home5.jpg,781,
132,1018,6,1018home6.jpg,763,
133,1019,0,1019home0.jpg,735,
134,1019,1,1019home1.jpg,291,
135,1019,2,1019home2.jpg,323,
136,1019,3,1019home3.jpg,667,
137,1019,4,1019home4.jpg,363,
138,1019,5,1019home5.jpg,405,
139,1019,6,1019home6.jpg,830,
140,1020,0,1020home0.jpg,491,
141,1020,1,1020home1.jpg,733,
142,1020,2,1020home2.jpg,797,
144,1020,4,1020home4.jpg,260,
143,1020,3,1020home3.jpg,580,
145,1020,5,1020home5.jpg,731,
146,1020,6,1020home6.jpg,551,
147,1021,0,1021home0.jpg,685,
149,1021,2,1021home2.jpg,825,
148,1021,1,1021home1.jpg,491,
150,1021,3,1021home3.jpg,903,
151,1021,4,1021home4.jpg,790,
152,1021,5,1021home5.jpg,440,
153,1021,6,1021home6.jpg,924,
154,1022,0,1022home0.jpg,866,
155,1022,1,1022home1.jpg,439,
156,1022,2,1022home2.jpg,690,
157,1022,3,1022home3.jpg,988,
158,1022,4,1022home4.jpg,371,
159,1022,5,1022home5.jpg,910,
160,1022,6,1022home6.jpg,316,
161,1023,0,1023home0.jpg,410,
162,1023,1,1023home1.jpg,383,
163,1023,2,1023home2.jpg,28,
164,1023,3,1023home3.jpg,801,
165,1023,4,1023home4.jpg,627,
166,1023,5,1023home5.jpg,583,
167,1023,6,1023home6.jpg,592,
168,1024,0,1024home0.jpg,634,
169,1024,1,1024home1.jpg,192,
170,1024,2,1024home2.jpg,783,
171,1024,3,1024home3.jpg,484,
172,1024,4,1024home4.jpg,536,
173,1024,5,1024home5.jpg,336,
174,1024,6,1024home6.jpg,193,
175,1025,0,1025home0.jpg,756,
176,1025,1,1025home1.jpg,88,
177,1025,2,1025home2.jpg,286,
178,1025,3,1025home3.jpg,266,
179,1025,4,1025home4.jpg,901,
180,1025,5,1025home5.jpg,715,
181,1025,6,1025home6.jpg,19,
182,1026,0,1026home0.jpg,563,
183,1026,1,1026home1.jpg,534,
184,1026,2,1026home2.jpg,365,
185,1026,3,1026home3.jpg,138,
187,1026,5,1026home5.jpg,880,
186,1026,4,1026home4.jpg,604,
189,1027,0,1027home0.jpg,325,
188,1026,6,1026home6.jpg,936,
190,1027,1,1027home1.jpg,706,
191,1027,2,1027home2.jpg,567,
192,1027,3,1027home3.jpg,128,
193,1027,4,1027home4.jpg,473,
194,1027,5,1027home5.jpg,354,
195,1027,6,1027home6.jpg,827,
197,1028,1,1028home1.jpg,775,
198,1028,2,1028home2.jpg,238,
196,1028,0,1028home0.jpg,582,
199,1028,3,1028home3.jpg,497,
200,1028,4,1028home4.jpg,229,
201,1028,5,1028home5.jpg,161,
202,1028,6,1028home6.jpg,440,
203,1029,0,1029home0.jpg,727,
204,1029,1,1029home1.jpg,666,
205,1029,2,1029home2.jpg,730,
206,1029,3,1029home3.jpg,758,
207,1029,4,1029home4.jpg,821,
208,1029,5,1029home5.jpg,221,
209,1029,6,1029home6.jpg,94,
210,1030,0,1030home0.jpg,817,
211,1030,1,1030home1.jpg,132,
212,1030,2,1030home2.jpg,349,
213,1030,3,1030home3.jpg,450,
214,1030,4,1030home4.jpg,837,
215,1030,5,1030home5.jpg,153,
216,1030,6,1030home6.jpg,166,
217,1031,0,1031home0.jpg,235,
218,1031,1,1031home1.jpg,92,
219,1031,2,1031home2.jpg,249,
220,1031,3,1031home3.jpg,656,
222,1031,5,1031home5.jpg,334,
221,1031,4,1031home4.jpg,736,
223,1031,6,1031home6.jpg,926,
224,1032,0,1032home0.jpg,384,
225,1032,1,1032home1.jpg,256,
226,1032,2,1032home2.jpg,687,
227,1032,3,1032home3.jpg,94,
229,1032,5,1032home5.jpg,487,
228,1032,4,1032home4.jpg,256,
230,1032,6,1032home6.jpg,154,
231,1033,0,1033home0.jpg,49,
233,1033,2,1033home2.jpg,443,
232,1033,1,1033home1.jpg,747,
234,1033,3,1033home3.jpg,482,
235,1033,4,1033home4.jpg,71,
236,1033,5,1033home5.jpg,941,
237,1033,6,1033home6.jpg,374,
238,1034,0,1034home0.jpg,640,
239,1034,1,1034home1.jpg,786,
241,1034,3,1034home3.jpg,353,
240,1034,2,1034home2.jpg,772,
242,1034,4,1034home4.jpg,124,
243,1034,5,1034home5.jpg,312,
244,1034,6,1034home6.jpg,421,
245,1035,0,1035home0.jpg,176,
246,1035,1,1035home1.jpg,38,
247,1035,2,1035home2.jpg,477,
248,1035,3,1035home3.jpg,764,
249,1035,4,1035home4.jpg,761,
250,1035,5,1035home5.jpg,88,
252,1036,0,1036home0.jpg,481,
251,1035,6,1035home6.jpg,974,
253,1036,1,1036home1.jpg,730,
254,1036,2,1036home2.jpg,74,
255,1036,3,1036home3.jpg,125,
256,1036,4,1036home4.jpg,861,
257,1036,5,1036home5.jpg,988,
258,1036,6,1036home6.jpg,700,
259,1037,0,1037home0.jpg,856,
260,1037,1,1037home1.jpg,596,
261,1037,2,1037home2.jpg,353,
262,1037,3,1037home3.jpg,629,
263,1037,4,1037home4.jpg,832,
264,1037,5,1037home5.jpg,286,
265,1037,6,1037home6.jpg,854,
266,1038,0,1038home0.jpg,531,
267,1038,1,1038home1.jpg,408,
268,1038,2,1038home2.jpg,532,
269,1038,3,1038home3.jpg,238,
270,1038,4,1038home4.jpg,316,
271,1038,5,1038home5.jpg,914,
272,1038,6,1038home6.jpg,657,
273,1039,0,1039home0.jpg,91,
274,1039,1,1039home1.jpg,168,
275,1039,2,1039home2.jpg,760,
276,1039,3,1039home3.jpg,720,
277,1039,4,1039home4.jpg,679,
278,1039,5,1039home5.jpg,968,
279,1039,6,1039home6.jpg,821,
280,1040,0,1040home0.jpg,316,
281,1040,1,1040home1.jpg,550,
282,1040,2,1040home2.jpg,216,
283,1040,3,1040home3.jpg,660,
284,1040,4,1040home4.jpg,501,
285,1040,5,1040home5.jpg,926,
286,1040,6,1040home6.jpg,848,
287,1041,0,1041home0.jpg,368,
288,1041,1,1041home1.jpg,119,
289,1041,2,1041home2.jpg,608,
290,1041,3,1041home3.jpg,301,
291,1041,4,1041home4.jpg,702,
292,1041,5,1041home5.jpg,755,
294,1042,0,1042home0.jpg,175,
293,1041,6,1041home6.jpg,562,
295,1042,1,1042home1.jpg,115,
296,1042,2,1042home2.jpg,824,
297,1042,3,1042home3.jpg,916,
298,1042,4,1042home4.jpg,13,
299,1042,5,1042home5.jpg,134,
300,1042,6,1042home6.jpg,909,
301,1043,0,1043home0.jpg,851,
302,1043,1,1043home1.jpg,104,
303,1043,2,1043home2.jpg,778,
304,1043,3,1043home3.jpg,157,
305,1043,4,1043home4.jpg,100,
306,1043,5,1043home5.jpg,358,
307,1043,6,1043home6.jpg,682,
308,1044,0,1044home0.jpg,312,
310,1044,2,1044home2.jpg,224,
309,1044,1,1044home1.jpg,739,
311,1044,3,1044home3.jpg,124,
312,1044,4,1044home4.jpg,264,
313,1044,5,1044home5.jpg,161,
314,1044,6,1044home6.jpg,830,
315,1045,0,1045home0.jpg,442,
316,1045,1,1045home1.jpg,804,
317,1045,2,1045home2.jpg,410,
318,1045,3,1045home3.jpg,934,
319,1045,4,1045home4.jpg,998,
320,1045,5,1045home5.jpg,669,
321,1045,6,1045home6.jpg,144,
322,1046,0,1046home0.jpg,712,
323,1046,1,1046home1.jpg,300,
324,1046,2,1046home2.jpg,364,
325,1046,3,1046home3.jpg,164,
326,1046,4,1046home4.jpg,13,
329,1047,0,1047home0.jpg,337,
328,1046,6,1046home6.jpg,46,
327,1046,5,1046home5.jpg,997,
330,1047,1,1047home1.jpg,883,
331,1047,2,1047home2.jpg,934,
332,1047,3,1047home3.jpg,794,
333,1047,4,1047home4.jpg,452,
334,1047,5,1047home5.jpg,705,
335,1047,6,1047home6.jpg,392,
336,1048,0,1048home0.jpg,562,
338,1048,2,1048home2.jpg,37,
337,1048,1,1048home1.jpg,815,
339,1048,3,1048home3.jpg,460,
340,1048,4,1048home4.jpg,823,
342,1048,6,1048home6.jpg,908,
341,1048,5,1048home5.jpg,844,
343,1049,0,1049home0.jpg,683,
345,1049,2,1049home2.jpg,741,
344,1049,1,1049home1.jpg,398,
346,1049,3,1049home3.jpg,173,
347,1049,4,1049home4.jpg,199,
348,1049,5,1049home5.jpg,61,
349,1049,6,1049home6.jpg,707,
350,1050,0,1050home0.jpg,1000,
351,1050,1,1050home1.jpg,921,
352,1050,2,1050home2.jpg,221,
354,1050,4,1050home4.jpg,992,
355,1050,5,1050home5.jpg,951,
353,1050,3,1050home3.jpg,107,
356,1050,6,1050home6.jpg,920,
357,1051,0,1051home0.jpg,920,
358,1051,1,1051home1.jpg,207,
359,1051,2,1051home2.jpg,665,
360,1051,3,1051home3.jpg,452,
361,1051,4,1051home4.jpg,824,
362,1051,5,1051home5.jpg,374,
363,1051,6,1051home6.jpg,189,
364,1052,0,1052home0.jpg,743,
365,1052,1,1052home1.jpg,689,
366,1052,2,1052home2.jpg,493,
367,1052,3,1052home3.jpg,915,
368,1052,4,1052home4.jpg,129,
369,1052,5,1052home5.jpg,682,
370,1052,6,1052home6.jpg,753,
371,1053,0,1053home0.jpg,931,
372,1053,1,1053home1.jpg,275,
373,1053,2,1053home2.jpg,77,
374,1053,3,1053home3.jpg,278,
375,1053,4,1053home4.jpg,180,
376,1053,5,1053home5.jpg,410,
377,1053,6,1053home6.jpg,6,
378,1054,0,1054home0.jpg,878,
379,1054,1,1054home1.jpg,258,
380,1054,2,1054home2.jpg,157,
381,1054,3,1054home3.jpg,492,
382,1054,4,1054home4.jpg,558,
383,1054,5,1054home5.jpg,676,
384,1054,6,1054home6.jpg,195,
385,1055,0,1055home0.jpg,100,
386,1055,1,1055home1.jpg,468,
387,1055,2,1055home2.jpg,388,
388,1055,3,1055home3.jpg,230,
389,1055,4,1055home4.jpg,995,
390,1055,5,1055home5.jpg,153,
391,1055,6,1055home6.jpg,270,
392,1056,0,1056home0.jpg,859,
393,1056,1,1056home1.jpg,156,
394,1056,2,1056home2.jpg,650,
395,1056,3,1056home3.jpg,995,
397,1056,5,1056home5.jpg,470,
396,1056,4,1056home4.jpg,362,
398,1056,6,1056home6.jpg,728,
399,1057,0,1057home0.jpg,537,
401,1057,2,1057home2.jpg,487,
402,1057,3,1057home3.jpg,359,
403,1057,4,1057home4.jpg,864,
404,1057,5,1057home5.jpg,191,
405,1057,6,1057home6.jpg,911,
406,1058,0,1058home0.jpg,935,
407,1058,1,1058home1.jpg,246,
408,1058,2,1058home2.jpg,816,
409,1058,3,1058home3.jpg,965,
410,1058,4,1058home4.jpg,287,
411,1058,5,1058home5.jpg,287,
412,1058,6,1058home6.jpg,161,
413,1059,0,1059home0.jpg,595,
414,1059,1,1059home1.jpg,666,
415,1059,2,1059home2.jpg,553,
416,1059,3,1059home3.jpg,644,
417,1059,4,1059home4.jpg,817,
400,1057,1,1057home1.jpg,441,
418,1059,5,1059home5.jpg,595,
419,1059,6,1059home6.jpg,349,
420,1060,0,1060home0.jpg,263,
421,1060,1,1060home1.jpg,557,
422,1060,2,1060home2.jpg,31,
423,1060,3,1060home3.jpg,183,
424,1060,4,1060home4.jpg,472,
425,1060,5,1060home5.jpg,772,
426,1060,6,1060home6.jpg,805,
427,1061,0,1061home0.jpg,579,
428,1061,1,1061home1.jpg,324,
429,1061,2,1061home2.jpg,863,
430,1061,3,1061home3.jpg,453,
431,1061,4,1061home4.jpg,639,
432,1061,5,1061home5.jpg,511,
433,1061,6,1061home6.jpg,370,
434,1062,0,1062home0.jpg,456,
435,1062,1,1062home1.jpg,667,
436,1062,2,1062home2.jpg,66,
437,1062,3,1062home3.jpg,960,
438,1062,4,1062home4.jpg,957,
439,1062,5,1062home5.jpg,262,
440,1062,6,1062home6.jpg,874,
441,1063,0,1063home0.jpg,168,
442,1063,1,1063home1.jpg,904,
443,1063,2,1063home2.jpg,155,
444,1063,3,1063home3.jpg,955,
445,1063,4,1063home4.jpg,509,
446,1063,5,1063home5.jpg,304,
447,1063,6,1063home6.jpg,257,
449,1064,1,1064home1.jpg,900,
450,1064,2,1064home2.jpg,581,
451,1064,3,1064home3.jpg,812,
448,1064,0,1064home0.jpg,57,
452,1064,4,1064home4.jpg,543,
453,1064,5,1064home5.jpg,955,
454,1064,6,1064home6.jpg,362,
455,1065,0,1065home0.jpg,608,
456,1065,1,1065home1.jpg,232,
457,1065,2,1065home2.jpg,360,
458,1065,3,1065home3.jpg,609,
459,1065,4,1065home4.jpg,190,
460,1065,5,1065home5.jpg,132,
461,1065,6,1065home6.jpg,533,
462,1066,0,1066home0.jpg,955,
464,1066,2,1066home2.jpg,524,
465,1066,3,1066home3.jpg,827,
466,1066,4,1066home4.jpg,821,
467,1066,5,1066home5.jpg,108,
463,1066,1,1066home1.jpg,203,
468,1066,6,1066home6.jpg,794,
469,1067,0,1067home0.jpg,386,
470,1067,1,1067home1.jpg,679,
471,1067,2,1067home2.jpg,813,
472,1067,3,1067home3.jpg,558,
473,1067,4,1067home4.jpg,665,
474,1067,5,1067home5.jpg,560,
475,1067,6,1067home6.jpg,806,
476,1068,0,1068home0.jpg,142,
477,1068,1,1068home1.jpg,463,
478,1068,2,1068home2.jpg,129,
479,1068,3,1068home3.jpg,23,
480,1068,4,1068home4.jpg,901,
481,1068,5,1068home5.jpg,130,
482,1068,6,1068home6.jpg,547,
483,1069,0,1069home0.jpg,679,
484,1069,1,1069home1.jpg,483,
486,1069,3,1069home3.jpg,793,
485,1069,2,1069home2.jpg,370,
487,1069,4,1069home4.jpg,888,
488,1069,5,1069home5.jpg,310,
489,1069,6,1069home6.jpg,842,
490,1070,0,1070home0.jpg,996,
491,1070,1,1070home1.jpg,128,
492,1070,2,1070home2.jpg,418,
493,1070,3,1070home3.jpg,457,
494,1070,4,1070home4.jpg,31,
495,1070,5,1070home5.jpg,581,
496,1070,6,1070home6.jpg,823,
497,1071,0,1071home0.jpg,797,
498,1071,1,1071home1.jpg,212,
499,1071,2,1071home2.jpg,437,
500,1071,3,1071home3.jpg,36,
501,1071,4,1071home4.jpg,26,
502,1071,5,1071home5.jpg,949,
503,1071,6,1071home6.jpg,728,
504,1072,0,1072home0.jpg,756,
505,1072,1,1072home1.jpg,207,
506,1072,2,1072home2.jpg,266,
507,1072,3,1072home3.jpg,89,
508,1072,4,1072home4.jpg,912,
509,1072,5,1072home5.jpg,826,
510,1072,6,1072home6.jpg,42,
511,1073,0,1073home0.jpg,220,
512,1073,1,1073home1.jpg,819,
513,1073,2,1073home2.jpg,966,
514,1073,3,1073home3.jpg,931,
515,1073,4,1073home4.jpg,338,
516,1073,5,1073home5.jpg,717,
517,1073,6,1073home6.jpg,530,
518,1074,0,1074home0.jpg,452,
519,1074,1,1074home1.jpg,270,
520,1074,2,1074home2.jpg,962,
521,1074,3,1074home3.jpg,737,
522,1074,4,1074home4.jpg,565,
523,1074,5,1074home5.jpg,37,
524,1074,6,1074home6.jpg,330,
525,1075,0,1075home0.jpg,114,
526,1075,1,1075home1.jpg,58,
527,1075,2,1075home2.jpg,761,
528,1075,3,1075home3.jpg,485,
529,1075,4,1075home4.jpg,273,
530,1075,5,1075home5.jpg,687,
531,1075,6,1075home6.jpg,169,
532,1076,0,1076home0.jpg,37,
533,1076,1,1076home1.jpg,661,
534,1076,2,1076home2.jpg,592,
535,1076,3,1076home3.jpg,267,
536,1076,4,1076home4.jpg,301,
537,1076,5,1076home5.jpg,169,
538,1076,6,1076home6.jpg,291,
539,1077,0,1077home0.jpg,835,
540,1077,1,1077home1.jpg,662,
541,1077,2,1077home2.jpg,930,
542,1077,3,1077home3.jpg,701,
543,1077,4,1077home4.jpg,722,
544,1077,5,1077home5.jpg,4,
545,1077,6,1077home6.jpg,134,
546,1078,0,1078home0.jpg,741,
547,1078,1,1078home1.jpg,404,
548,1078,2,1078home2.jpg,414,
549,1078,3,1078home3.jpg,657,
550,1078,4,1078home4.jpg,978,
551,1078,5,1078home5.jpg,656,
552,1078,6,1078home6.jpg,8,
553,1079,0,1079home0.jpg,526,
554,1079,1,1079home1.jpg,236,
555,1079,2,1079home2.jpg,217,
556,1079,3,1079home3.jpg,320,
557,1079,4,1079home4.jpg,39,
558,1079,5,1079home5.jpg,821,
559,1079,6,1079home6.jpg,758,
560,1080,0,1080home0.jpg,30,
561,1080,1,1080home1.jpg,740,
562,1080,2,1080home2.jpg,314,
563,1080,3,1080home3.jpg,670,
564,1080,4,1080home4.jpg,838,
565,1080,5,1080home5.jpg,625,
566,1080,6,1080home6.jpg,462,
567,1081,0,1081home0.jpg,192,
568,1081,1,1081home1.jpg,646,
569,1081,2,1081home2.jpg,228,
570,1081,3,1081home3.jpg,35,
571,1081,4,1081home4.jpg,920,
572,1081,5,1081home5.jpg,632,
573,1081,6,1081home6.jpg,404,
574,1082,0,1082home0.jpg,450,
575,1082,1,1082home1.jpg,111,
577,1082,3,1082home3.jpg,345,
578,1082,4,1082home4.jpg,259,
579,1082,5,1082home5.jpg,906,
580,1082,6,1082home6.jpg,920,
576,1082,2,1082home2.jpg,174,
581,1083,0,1083home0.jpg,979,
582,1083,1,1083home1.jpg,557,
583,1083,2,1083home2.jpg,298,
584,1083,3,1083home3.jpg,733,
585,1083,4,1083home4.jpg,173,
586,1083,5,1083home5.jpg,216,
587,1083,6,1083home6.jpg,120,
588,1084,0,1084home0.jpg,654,
589,1084,1,1084home1.jpg,303,
590,1084,2,1084home2.jpg,457,
591,1084,3,1084home3.jpg,330,
592,1084,4,1084home4.jpg,760,
593,1084,5,1084home5.jpg,713,
594,1084,6,1084home6.jpg,836,
595,1085,0,1085home0.jpg,846,
596,1085,1,1085home1.jpg,919,
597,1085,2,1085home2.jpg,523,
598,1085,3,1085home3.jpg,54,
599,1085,4,1085home4.jpg,637,
600,1085,5,1085home5.jpg,74,
601,1085,6,1085home6.jpg,488,
602,1086,0,1086home0.jpg,281,
603,1086,1,1086home1.jpg,853,
604,1086,2,1086home2.jpg,161,
605,1086,3,1086home3.jpg,224,
606,1086,4,1086home4.jpg,212,
607,1086,5,1086home5.jpg,557,
608,1086,6,1086home6.jpg,18,
609,1087,0,1087home0.jpg,429,
610,1087,1,1087home1.jpg,899,
611,1087,2,1087home2.jpg,441,
612,1087,3,1087home3.jpg,358,
613,1087,4,1087home4.jpg,375,
614,1087,5,1087home5.jpg,868,
615,1087,6,1087home6.jpg,836,
617,1088,1,1088home1.jpg,579,
616,1088,0,1088home0.jpg,414,
618,1088,2,1088home2.jpg,379,
619,1088,3,1088home3.jpg,949,
620,1088,4,1088home4.jpg,525,
621,1088,5,1088home5.jpg,61,
622,1088,6,1088home6.jpg,424,
623,1089,0,1089home0.jpg,773,
624,1089,1,1089home1.jpg,921,
625,1089,2,1089home2.jpg,841,
626,1089,3,1089home3.jpg,844,
627,1089,4,1089home4.jpg,102,
628,1089,5,1089home5.jpg,908,
629,1089,6,1089home6.jpg,929,
630,1090,0,1090home0.jpg,607,
631,1090,1,1090home1.jpg,659,
632,1090,2,1090home2.jpg,949,
633,1090,3,1090home3.jpg,555,
634,1090,4,1090home4.jpg,89,
635,1090,5,1090home5.jpg,877,
636,1090,6,1090home6.jpg,238,
637,1091,0,1091home0.jpg,933,
638,1091,1,1091home1.jpg,660,
639,1091,2,1091home2.jpg,289,
640,1091,3,1091home3.jpg,896,
641,1091,4,1091home4.jpg,933,
642,1091,5,1091home5.jpg,465,
643,1091,6,1091home6.jpg,230,
644,1092,0,1092home0.jpg,966,
645,1092,1,1092home1.jpg,378,
646,1092,2,1092home2.jpg,343,
647,1092,3,1092home3.jpg,30,
648,1092,4,1092home4.jpg,115,
649,1092,5,1092home5.jpg,273,
650,1092,6,1092home6.jpg,380,
651,1093,0,1093home0.jpg,922,
652,1093,1,1093home1.jpg,561,
653,1093,2,1093home2.jpg,190,
654,1093,3,1093home3.jpg,492,
655,1093,4,1093home4.jpg,101,
656,1093,5,1093home5.jpg,928,
657,1093,6,1093home6.jpg,44,
658,1094,0,1094home0.jpg,286,
659,1094,1,1094home1.jpg,253,
660,1094,2,1094home2.jpg,803,
661,1094,3,1094home3.jpg,728,
662,1094,4,1094home4.jpg,225,
663,1094,5,1094home5.jpg,694,
664,1094,6,1094home6.jpg,905,
665,1095,0,1095home0.jpg,454,
666,1095,1,1095home1.jpg,638,
667,1095,2,1095home2.jpg,61,
668,1095,3,1095home3.jpg,997,
669,1095,4,1095home4.jpg,1000,
670,1095,5,1095home5.jpg,240,
671,1095,6,1095home6.jpg,41,
672,1096,0,1096home0.jpg,29,
673,1096,1,1096home1.jpg,963,
674,1096,2,1096home2.jpg,75,
675,1096,3,1096home3.jpg,737,
676,1096,4,1096home4.jpg,73,
677,1096,5,1096home5.jpg,323,
678,1096,6,1096home6.jpg,294,
679,1097,0,1097home0.jpg,214,
680,1097,1,1097home1.jpg,461,
681,1097,2,1097home2.jpg,806,
682,1097,3,1097home3.jpg,316,
683,1097,4,1097home4.jpg,337,
684,1097,5,1097home5.jpg,961,
685,1097,6,1097home6.jpg,302,
686,1098,0,1098home0.jpg,399,
687,1098,1,1098home1.jpg,927,
688,1098,2,1098home2.jpg,858,
689,1098,3,1098home3.jpg,495,
690,1098,4,1098home4.jpg,910,
691,1098,5,1098home5.jpg,441,
692,1098,6,1098home6.jpg,388,
693,1099,0,1099home0.jpg,574,
694,1099,1,1099home1.jpg,730,
695,1099,2,1099home2.jpg,931,
696,1099,3,1099home3.jpg,901,
697,1099,4,1099home4.jpg,857,
698,1099,5,1099home5.jpg,295,
699,1099,6,1099home6.jpg,916,
700,1100,0,1100home0.jpg,491,
701,1100,1,1100home1.jpg,70,
702,1100,2,1100home2.jpg,266,
703,1100,3,1100home3.jpg,834,
704,1100,4,1100home4.jpg,294,
705,1100,5,1100home5.jpg,714,
706,1100,6,1100home6.jpg,629,
707,1101,0,1101home0.jpg,713,
708,1101,1,1101home1.jpg,819,
709,1101,2,1101home2.jpg,390,
710,1101,3,1101home3.jpg,841,
711,1101,4,1101home4.jpg,177,
712,1101,5,1101home5.jpg,44,
713,1101,6,1101home6.jpg,679,
714,1102,0,1102home0.jpg,885,
715,1102,1,1102home1.jpg,627,
716,1102,2,1102home2.jpg,760,
717,1102,3,1102home3.jpg,226,
718,1102,4,1102home4.jpg,231,
719,1102,5,1102home5.jpg,631,
720,1102,6,1102home6.jpg,824,
721,1103,0,1103home0.jpg,257,
722,1103,1,1103home1.jpg,963,
724,1103,3,1103home3.jpg,958,
723,1103,2,1103home2.jpg,319,
725,1103,4,1103home4.jpg,961,
726,1103,5,1103home5.jpg,249,
727,1103,6,1103home6.jpg,405,
728,1104,0,1104home0.jpg,400,
729,1104,1,1104home1.jpg,259,
731,1104,3,1104home3.jpg,381,
730,1104,2,1104home2.jpg,976,
732,1104,4,1104home4.jpg,989,
733,1104,5,1104home5.jpg,554,
734,1104,6,1104home6.jpg,595,
735,1105,0,1105home0.jpg,426,
736,1105,1,1105home1.jpg,984,
737,1105,2,1105home2.jpg,737,
738,1105,3,1105home3.jpg,883,
739,1105,4,1105home4.jpg,539,
740,1105,5,1105home5.jpg,386,
741,1105,6,1105home6.jpg,732,
742,1106,0,1106home0.jpg,578,
743,1106,1,1106home1.jpg,634,
744,1106,2,1106home2.jpg,951,
745,1106,3,1106home3.jpg,961,
746,1106,4,1106home4.jpg,242,
747,1106,5,1106home5.jpg,347,
748,1106,6,1106home6.jpg,858,
749,1107,0,1107home0.jpg,722,
750,1107,1,1107home1.jpg,944,
751,1107,2,1107home2.jpg,692,
752,1107,3,1107home3.jpg,898,
753,1107,4,1107home4.jpg,422,
754,1107,5,1107home5.jpg,342,
755,1107,6,1107home6.jpg,693,
756,1108,0,1108home0.jpg,990,
757,1108,1,1108home1.jpg,412,
758,1108,2,1108home2.jpg,722,
759,1108,3,1108home3.jpg,785,
760,1108,4,1108home4.jpg,705,
761,1108,5,1108home5.jpg,930,
762,1108,6,1108home6.jpg,602,
763,1109,0,1109home0.jpg,911,
764,1109,1,1109home1.jpg,979,
765,1109,2,1109home2.jpg,515,
766,1109,3,1109home3.jpg,208,
767,1109,4,1109home4.jpg,422,
768,1109,5,1109home5.jpg,737,
769,1109,6,1109home6.jpg,400,
770,1110,0,1110home0.jpg,463,
771,1110,1,1110home1.jpg,43,
772,1110,2,1110home2.jpg,793,
773,1110,3,1110home3.jpg,912,
774,1110,4,1110home4.jpg,459,
775,1110,5,1110home5.jpg,738,
776,1110,6,1110home6.jpg,557,
777,1111,0,1111home0.jpg,733,
778,1111,1,1111home1.jpg,393,
779,1111,2,1111home2.jpg,702,
780,1111,3,1111home3.jpg,906,
781,1111,4,1111home4.jpg,353,
782,1111,5,1111home5.jpg,373,
783,1111,6,1111home6.jpg,972,
784,1112,0,1112home0.jpg,492,
785,1112,1,1112home1.jpg,792,
786,1112,2,1112home2.jpg,358,
787,1112,3,1112home3.jpg,898,
788,1112,4,1112home4.jpg,176,
789,1112,5,1112home5.jpg,563,
793,1113,2,1113home2.jpg,19,
794,1113,3,1113home3.jpg,628,
795,1113,4,1113home4.jpg,196,
796,1113,5,1113home5.jpg,571,
797,1113,6,1113home6.jpg,727,
798,1114,0,1114home0.jpg,491,
799,1114,1,1114home1.jpg,988,
800,1114,2,1114home2.jpg,18,
801,1114,3,1114home3.jpg,458,
802,1114,4,1114home4.jpg,222,
803,1114,5,1114home5.jpg,212,
804,1114,6,1114home6.jpg,385,
805,1115,0,1115home0.jpg,854,
806,1115,1,1115home1.jpg,922,
807,1115,2,1115home2.jpg,364,
808,1115,3,1115home3.jpg,102,
809,1115,4,1115home4.jpg,358,
810,1115,5,1115home5.jpg,404,
811,1115,6,1115home6.jpg,152,
812,1116,0,1116home0.jpg,334,
813,1116,1,1116home1.jpg,176,
792,1113,1,1113home1.jpg,660,
814,1116,2,1116home2.jpg,880,
815,1116,3,1116home3.jpg,932,
816,1116,4,1116home4.jpg,252,
817,1116,5,1116home5.jpg,31,
818,1116,6,1116home6.jpg,429,
819,1117,0,1117home0.jpg,421,
820,1117,1,1117home1.jpg,138,
821,1117,2,1117home2.jpg,206,
822,1117,3,1117home3.jpg,491,
823,1117,4,1117home4.jpg,202,
824,1117,5,1117home5.jpg,287,
825,1117,6,1117home6.jpg,636,
827,1118,1,1118home1.jpg,99,
826,1118,0,1118home0.jpg,950,
828,1118,2,1118home2.jpg,893,
829,1118,3,1118home3.jpg,849,
830,1118,4,1118home4.jpg,327,
831,1118,5,1118home5.jpg,603,
832,1118,6,1118home6.jpg,475,
833,1119,0,1119home0.jpg,320,
790,1112,6,1112home6.jpg,691,
834,1119,1,1119home1.jpg,706,
791,1113,0,1113home0.jpg,966,
835,1119,2,1119home2.jpg,42,
836,1119,3,1119home3.jpg,169,
837,1119,4,1119home4.jpg,453,
838,1119,5,1119home5.jpg,14,
839,1119,6,1119home6.jpg,821,
840,1120,0,1120home0.jpg,261,
841,1120,1,1120home1.jpg,791,
842,1120,2,1120home2.jpg,73,
843,1120,3,1120home3.jpg,257,
844,1120,4,1120home4.jpg,741,
845,1120,5,1120home5.jpg,164,
846,1120,6,1120home6.jpg,676,
847,1121,0,1121home0.jpg,414,
848,1121,1,1121home1.jpg,841,
850,1121,3,1121home3.jpg,272,
849,1121,2,1121home2.jpg,992,
851,1121,4,1121home4.jpg,782,
852,1121,5,1121home5.jpg,628,
853,1121,6,1121home6.jpg,514,
854,1122,0,1122home0.jpg,945,
855,1122,1,1122home1.jpg,431,
856,1122,2,1122home2.jpg,940,
857,1122,3,1122home3.jpg,938,
858,1122,4,1122home4.jpg,350,
859,1122,5,1122home5.jpg,940,
860,1122,6,1122home6.jpg,939,
861,1123,0,1123home0.jpg,161,
862,1123,1,1123home1.jpg,699,
863,1123,2,1123home2.jpg,505,
864,1123,3,1123home3.jpg,280,
866,1123,5,1123home5.jpg,205,
865,1123,4,1123home4.jpg,390,
867,1123,6,1123home6.jpg,369,
868,1124,0,1124home0.jpg,479,
869,1124,1,1124home1.jpg,765,
870,1124,2,1124home2.jpg,364,
872,1124,4,1124home4.jpg,143,
871,1124,3,1124home3.jpg,335,
874,1124,6,1124home6.jpg,525,
873,1124,5,1124home5.jpg,594,
875,1125,0,1125home0.jpg,456,
876,1125,1,1125home1.jpg,827,
877,1125,2,1125home2.jpg,505,
878,1125,3,1125home3.jpg,180,
879,1125,4,1125home4.jpg,495,
880,1125,5,1125home5.jpg,45,
881,1125,6,1125home6.jpg,632,
882,1126,0,1126home0.jpg,106,
883,1126,1,1126home1.jpg,59,
884,1126,2,1126home2.jpg,236,
885,1126,3,1126home3.jpg,916,
886,1126,4,1126home4.jpg,706,
887,1126,5,1126home5.jpg,823,
888,1126,6,1126home6.jpg,620,
889,1127,0,1127home0.jpg,597,
890,1127,1,1127home1.jpg,410,
891,1127,2,1127home2.jpg,201,
892,1127,3,1127home3.jpg,987,
893,1127,4,1127home4.jpg,489,
894,1127,5,1127home5.jpg,866,
895,1127,6,1127home6.jpg,697,
896,1128,0,1128home0.jpg,995,
897,1128,1,1128home1.jpg,580,
898,1128,2,1128home2.jpg,448,
899,1128,3,1128home3.jpg,855,
901,1128,5,1128home5.jpg,537,
900,1128,4,1128home4.jpg,843,
902,1128,6,1128home6.jpg,868,
903,1129,0,1129home0.jpg,385,
904,1129,1,1129home1.jpg,551,
905,1129,2,1129home2.jpg,912,
906,1129,3,1129home3.jpg,718,
907,1129,4,1129home4.jpg,367,
908,1129,5,1129home5.jpg,964,
909,1129,6,1129home6.jpg,591,
910,1130,0,1130home0.jpg,177,
911,1130,1,1130home1.jpg,1,
912,1130,2,1130home2.jpg,66,
913,1130,3,1130home3.jpg,152,
914,1130,4,1130home4.jpg,213,
915,1130,5,1130home5.jpg,244,
916,1130,6,1130home6.jpg,144,
917,1131,0,1131home0.jpg,713,
918,1131,1,1131home1.jpg,758,
919,1131,2,1131home2.jpg,664,
921,1131,4,1131home4.jpg,655,
920,1131,3,1131home3.jpg,452,
922,1131,5,1131home5.jpg,948,
924,1132,0,1132home0.jpg,911,
923,1131,6,1131home6.jpg,946,
925,1132,1,1132home1.jpg,12,
926,1132,2,1132home2.jpg,127,
927,1132,3,1132home3.jpg,288,
929,1132,5,1132home5.jpg,786,
928,1132,4,1132home4.jpg,416,
930,1132,6,1132home6.jpg,133,
931,1133,0,1133home0.jpg,432,
932,1133,1,1133home1.jpg,162,
933,1133,2,1133home2.jpg,790,
934,1133,3,1133home3.jpg,240,
935,1133,4,1133home4.jpg,284,
936,1133,5,1133home5.jpg,474,
937,1133,6,1133home6.jpg,104,
938,1134,0,1134home0.jpg,3,
939,1134,1,1134home1.jpg,514,
941,1134,3,1134home3.jpg,907,
940,1134,2,1134home2.jpg,541,
942,1134,4,1134home4.jpg,333,
943,1134,5,1134home5.jpg,690,
944,1134,6,1134home6.jpg,549,
945,1135,0,1135home0.jpg,364,
946,1135,1,1135home1.jpg,42,
947,1135,2,1135home2.jpg,322,
948,1135,3,1135home3.jpg,622,
949,1135,4,1135home4.jpg,557,
950,1135,5,1135home5.jpg,823,
951,1135,6,1135home6.jpg,607,
952,1136,0,1136home0.jpg,209,
953,1136,1,1136home1.jpg,50,
954,1136,2,1136home2.jpg,632,
955,1136,3,1136home3.jpg,534,
956,1136,4,1136home4.jpg,410,
957,1136,5,1136home5.jpg,42,
958,1136,6,1136home6.jpg,96,
959,1137,0,1137home0.jpg,756,
960,1137,1,1137home1.jpg,855,
961,1137,2,1137home2.jpg,627,
962,1137,3,1137home3.jpg,747,
963,1137,4,1137home4.jpg,665,
964,1137,5,1137home5.jpg,966,
965,1137,6,1137home6.jpg,516,
966,1138,0,1138home0.jpg,972,
967,1138,1,1138home1.jpg,239,
968,1138,2,1138home2.jpg,568,
969,1138,3,1138home3.jpg,600,
970,1138,4,1138home4.jpg,889,
971,1138,5,1138home5.jpg,501,
972,1138,6,1138home6.jpg,443,
973,1139,0,1139home0.jpg,998,
974,1139,1,1139home1.jpg,856,
975,1139,2,1139home2.jpg,41,
976,1139,3,1139home3.jpg,469,
977,1139,4,1139home4.jpg,181,
978,1139,5,1139home5.jpg,692,
979,1139,6,1139home6.jpg,357,
980,1140,0,1140home0.jpg,524,
981,1140,1,1140home1.jpg,539,
982,1140,2,1140home2.jpg,114,
983,1140,3,1140home3.jpg,380,
984,1140,4,1140home4.jpg,689,
985,1140,5,1140home5.jpg,313,
986,1140,6,1140home6.jpg,299,
987,1141,0,1141home0.jpg,306,
988,1141,1,1141home1.jpg,817,
989,1141,2,1141home2.jpg,405,
990,1141,3,1141home3.jpg,685,
991,1141,4,1141home4.jpg,326,
992,1141,5,1141home5.jpg,678,
993,1141,6,1141home6.jpg,151,
994,1142,0,1142home0.jpg,573,
995,1142,1,1142home1.jpg,599,
996,1142,2,1142home2.jpg,121,
997,1142,3,1142home3.jpg,992,
998,1142,4,1142home4.jpg,252,
999,1142,5,1142home5.jpg,903,
1000,1142,6,1142home6.jpg,162,