0,1000,0,1000home0.jpg,944,568
2,1000,2,1000home2.jpg,669,891
3,1000,3,1000home3.jpg,583,767
4,1000,4,1000home4.jpg,697,851
5,1000,5,1000home5.jpg,895,252
1,1000,1,1000home1.jpg,768,495
7,1000,7,1000home7.jpg,862,56
6,1000,6,1000home6.jpg,1,654
8,1000,8,1000home8.jpg,517,587
9,1001,0,1001home0.jpg,513,913
10,1001,1,1001home1.jpg,447,498
11,1001,2,1001home2.jpg,237,787
12,1001,3,1001home3.jpg,830,592
13,1001,4,1001home4.jpg,998,460
14,1001,5,1001home5.jpg,334,722
15,1001,6,1001home6.jpg,433,8
16,1002,0,1002home0.jpg,686,670
17,1002,1,1002home1.jpg,539,287
18,1002,2,1002home2.jpg,150,690
19,1002,3,1002home3.jpg,150,539
20,1002,4,1002home4.jpg,134,264
21,1002,5,1002home5.jpg,730,223
22,1002,6,1002home6.jpg,211,712
23,1003,0,1003home0.jpg,376,782
24,1003,1,1003home1.jpg,369,688
25,1003,2,1003home2.jpg,965,867
26,1003,3,1003home3.jpg,504,583
27,1003,4,1003home4.jpg,693,806
28,1003,5,1003home5.jpg,671,250
29,1003,6,1003home6.jpg,389,340
30,1004,0,1004home0.jpg,711,833
31,1004,1,1004home1.jpg,319,87
32,1004,2,1004home2.jpg,81,688
34,1004,4,1004home4.jpg,622,523
35,1004,5,1004home5.jpg,78,185
33,1004,3,1004home3.jpg,946,116
36,1004,6,1004home6.jpg,630,684
37,1005,0,1005home0.jpg,315,966
38,1005,1,1005home1.jpg,215,112
39,1005,2,1005home2.jpg,102,80
40,1005,3,1005home3.jpg,609,974
42,1005,5,1005home5.jpg,630,798
41,1005,4,1005home4.jpg,759,758
43,1006,0,1006home0.jpg,178,619
44,1006,1,1006home1.jpg,289,406
45,1006,2,1006home2.jpg,721,443
46,1006,3,1006home3.jpg,739,693
47,1006,4,1006home4.jpg,734,539
48,1006,5,1006home5.jpg,37,270
49,1006,6,1006home6.jpg,130,166
50,1007,0,1007home0.jpg,423,309
51,1007,1,1007home1.jpg,747,451
52,1007,2,1007home2.jpg,878,690
53,1007,3,1007home3.jpg,287,201
54,1007,4,1007home4.jpg,214,885
55,1007,5,1007home5.jpg,523,592
56,1008,0,1008home0.jpg,468,541
57,1008,1,1008home1.jpg,542,793
58,1008,2,1008home2.jpg,720,662
59,1008,3,1008home3.jpg,253,523
60,1008,4,1008home4.jpg,86,272
61,1008,5,1008home5.jpg,72,800
62,1008,6,1008home6.jpg,546,538
63,1009,0,1009home0.jpg,763,350
64,1009,1,1009home1.jpg,270,432
66,1009,3,1009home3.jpg,650,988
65,1009,2,1009home2.jpg,375,154
67,1009,4,1009home4.jpg,265,428
68,1009,5,1009home5.jpg,587,926
69,1009,6,1009home6.jpg,79,490
70,1010,0,1010home0.jpg,186,613
71,1010,1,1010home1.jpg,953,129
72,1010,2,1010home2.jpg,573,906
73,1010,3,1010home3.jpg,108,909
74,1010,4,1010home4.jpg,682,406
75,1010,5,1010home5.jpg,761,818
76,1010,6,1010home6.jpg,135,407
77,1011,0,1011home0.jpg,950,11
78,1011,1,1011home1.jpg,864,50
79,1011,2,1011home2.jpg,725,556
80,1011,3,1011home3.jpg,224,149
81,1011,4,1011home4.jpg,112,472
82,1011,5,1011home5.jpg,510,39
83,1011,6,1011home6.jpg,638,612
85,1012,1,1012home1.jpg,332,961
84,1012,0,1012home0.jpg,22,690
87,1012,3,1012home3.jpg,148,552
86,1012,2,1012home2.jpg,777,356
88,1012,4,1012home4.jpg,124,614
89,1012,5,1012home5.jpg,515,57
90,1012,6,1012home6.jpg,656,467
92,1013,1,1013home1.jpg,321,748
91,1013,0,1013home0.jpg,878,909
93,1013,2,1013home2.jpg,459,697
94,1013,3,1013home3.jpg,755,823
95,1013,4,1013home4.jpg,833,746
96,1013,5,1013home5.jpg,741,742
97,1013,6,1013home6.jpg,333,453
98,1014,0,1014home0.jpg,44,214
100,1014,2,1014home2.jpg,397,480
99,1014,1,1014home1.jpg,724,782
101,1014,3,1014home3.jpg,382,282
103,1014,5,1014home5.jpg,669,121
102,1014,4,1014home4.jpg,297,813
105,1015,0,1015home0.jpg,724,320
104,1014,6,1014home6.jpg,671,751
106,1015,1,1015home1.jpg,82,201
107,1015,2,1015home2.jpg,31,927
108,1015,3,1015home3.jpg,797,737
109,1015,4,1015home4.jpg,186,309
110,1015,5,1015home5.jpg,666,812
111,1015,6,1015home6.jpg,558,692
112,1016,0,1016home0.jpg,793,892
113,1016,1,1016home1.jpg,583,438
114,1016,2,1016home2.jpg,854,708
115,1016,3,1016home3.jpg,542,64
116,1016,4,1016home4.jpg,329,750
117,1016,5,1016home5.jpg,924,874
118,1016,6,1016home6.jpg,722,21
119,1017,0,1017home0.jpg,709,447
120,1017,1,1017home1.jpg,431,572
121,1017,2,1017home2.jpg,189,760
122,1017,3,1017home3.jpg,322,225
123,1017,4,1017home4.jpg,991,180
124,1017,5,1017home5.jpg,795,220
125,1017,6,1017home6.jpg,961,565
126,1018,0,1018home0.jpg,755,741
128,1018,2,1018home2.jpg,117,136
127,1018,1,1018home1.jpg,973,755
129,1018,3,1018home3.jpg,715,768
130,1018,4,1018home4.jpg,898,898
132,1018,6,1018home6.jpg,699,830
131,1018,5,1018home5.jpg,276,472
133,1019,0,1019home0.jpg,865,265
134,1019,1,1019home1.jpg,218,806
135,1019,2,1019home2.jpg,785,403
136,1019,3,1019home3.jpg,23,198
137,1019,4,1019home4.jpg,932,336
138,1019,5,1019home5.jpg,133,535
139,1019,6,1019home6.jpg,935,239
140,1020,0,1020home0.jpg,940,543
141,1020,1,1020home1.jpg,195,23
142,1020,2,1020home2.jpg,614,515
143,1020,3,1020home3.jpg,26,237
144,1020,4,1020home4.jpg,928,747
145,1020,5,1020home5.jpg,581,514
146,1020,6,1020home6.jpg,286,668
147,1021,0,1021home0.jpg,12,861
148,1021,1,1021home1.jpg,153,542
149,1021,2,1021home2.jpg,636,891
150,1021,3,1021home3.jpg,746,645
151,1021,4,1021home4.jpg,755,979
152,1021,5,1021home5.jpg,69,52
153,1021,6,1021home6.jpg,948,550
154,1022,0,1022home0.jpg,94,641
155,1022,1,1022home1.jpg,996,146
156,1022,2,1022home2.jpg,582,343
157,1022,3,1022home3.jpg,860,362
158,1022,4,1022home4.jpg,722,455
159,1022,5,1022home5.jpg,268,4
161,1023,0,1023home0.jpg,67,402
160,1022,6,1022home6.jpg,799,407
162,1023,1,1023home1.jpg,954,524
163,1023,2,1023home2.jpg,116,826
164,1023,3,1023home3.jpg,750,63
165,1023,4,1023home4.jpg,520,655
167,1023,6,1023home6.jpg,888,595
166,1023,5,1023home5.jpg,610,450
169,1024,1,1024home1.jpg,44,424
168,1024,0,1024home0.jpg,207,94
170,1024,2,1024home2.jpg,132,410
171,1024,3,1024home3.jpg,158,149
172,1024,4,1024home4.jpg,319,753
173,1024,5,1024home5.jpg,535,469
174,1024,6,1024home6.jpg,746,646
175,1025,0,1025home0.jpg,620,716
176,1025,1,1025home1.jpg,510,119
177,1025,2,1025home2.jpg,201,607
178,1025,3,1025home3.jpg,785,467
179,1025,4,1025home4.jpg,511,960
180,1025,5,1025home5.jpg,50,867
181,1025,6,1025home6.jpg,74,865
182,1026,0,1026home0.jpg,46,444
183,1026,1,1026home1.jpg,226,323
184,1026,2,1026home2.jpg,304,549
185,1026,3,1026home3.jpg,229,762
186,1026,4,1026home4.jpg,549,176
187,1026,5,1026home5.jpg,92,226
188,1026,6,1026home6.jpg,533,687
189,1027,0,1027home0.jpg,843,991
190,1027,1,1027home1.jpg,108,628
191,1027,2,1027home2.jpg,679,155
192,1027,3,1027home3.jpg,798,78
193,1027,4,1027home4.jpg,334,203
194,1027,5,1027home5.jpg,237,590
195,1027,6,1027home6.jpg,765,677
196,1028,0,1028home0.jpg,870,661
197,1028,1,1028home1.jpg,500,94
198,1028,2,1028home2.jpg,189,986
199,1028,3,1028home3.jpg,897,392
200,1028,4,1028home4.jpg,377,462
201,1028,5,1028home5.jpg,561,832
202,1028,6,1028home6.jpg,31,710
203,1029,0,1029home0.jpg,822,105
204,1029,1,1029home1.jpg,957,851
205,1029,2,1029home2.jpg,469,459
206,1029,3,1029home3.jpg,955,380
208,1029,5,1029home5.jpg,831,388
207,1029,4,1029home4.jpg,31,25
209,1029,6,1029home6.jpg,703,877
210,1030,0,1030home0.jpg,27,118
211,1030,1,1030home1.jpg,454,481
212,1030,2,1030home2.jpg,575,164
213,1030,3,1030home3.jpg,648,103
215,1030,5,1030home5.jpg,754,247
214,1030,4,1030home4.jpg,489,522
216,1030,6,1030home6.jpg,994,333
217,1031,0,1031home0.jpg,325,912
218,1031,1,1031home1.jpg,781,834
219,1031,2,1031home2.jpg,737,149
220,1031,3,1031home3.jpg,321,289
221,1031,4,1031home4.jpg,364,797
222,1031,5,1031home5.jpg,99,492
223,1031,6,1031home6.jpg,608,900
224,1032,0,1032home0.jpg,828,464
225,1032,1,1032home1.jpg,937,315
226,1032,2,1032home2.jpg,231,709
227,1032,3,1032home3.jpg,4,166
228,1032,4,1032home4.jpg,611,979
229,1032,5,1032home5.jpg,859,654
230,1032,6,1032home6.jpg,466,345
231,1033,0,1033home0.jpg,825,665
232,1033,1,1033home1.jpg,79,543
233,1033,2,1033home2.jpg,98,941
234,1033,3,1033home3.jpg,914,538
235,1033,4,1033home4.jpg,829,814
236,1033,5,1033home5.jpg,434,257
237,1033,6,1033home6.jpg,880,703
238,1034,0,1034home0.jpg,609,438
239,1034,1,1034home1.jpg,241,469
240,1034,2,1034home2.jpg,755,953
241,1034,3,1034home3.jpg,513,238
242,1034,4,1034home4.jpg,990,25
243,1034,5,1034home5.jpg,7,494
244,1034,6,1034home6.jpg,92,522
245,1035,0,1035home0.jpg,422,1000
246,1035,1,1035home1.jpg,552,500
247,1035,2,1035home2.jpg,340,227
248,1035,3,1035home3.jpg,491,774
249,1035,4,1035home4.jpg,594,188
250,1035,5,1035home5.jpg,156,127
251,1035,6,1035home6.jpg,875,897
252,1036,0,1036home0.jpg,857,124
253,1036,1,1036home1.jpg,740,848
254,1036,2,1036home2.jpg,599,92
255,1036,3,1036home3.jpg,284,242
256,1036,4,1036home4.jpg,651,838
257,1036,5,1036home5.jpg,231,200
258,1036,6,1036home6.jpg,837,314
259,1037,0,1037home0.jpg,327,747
260,1037,1,1037home1.jpg,839,432
261,1037,2,1037home2.jpg,442,341
262,1037,3,1037home3.jpg,308,690
263,1037,4,1037home4.jpg,868,742
264,1037,5,1037home5.jpg,422,833
265,1037,6,1037home6.jpg,392,231
266,1038,0,1038home0.jpg,325,350
267,1038,1,1038home1.jpg,999,894
268,1038,2,1038home2.jpg,447,156
269,1038,3,1038home3.jpg,713,647
270,1038,4,1038home4.jpg,935,592
271,1038,5,1038home5.jpg,699,822
272,1038,6,1038home6.jpg,121,833
273,1039,0,1039home0.jpg,306,762
274,1039,1,1039home1.jpg,427,194
275,1039,2,1039home2.jpg,245,506
276,1039,3,1039home3.jpg,879,281
277,1039,4,1039home4.jpg,26,341
278,1039,5,1039home5.jpg,971,918
279,1039,6,1039home6.jpg,369,546
281,1040,1,1040home1.jpg,400,856
280,1040,0,1040home0.jpg,910,600
282,1040,2,1040home2.jpg,561,637
283,1040,3,1040home3.jpg,596,625
284,1040,4,1040home4.jpg,679,540
285,1040,5,1040home5.jpg,111,735
286,1040,6,1040home6.jpg,232,495
287,1041,0,1041home0.jpg,29,987
288,1041,1,1041home1.jpg,389,89
289,1041,2,1041home2.jpg,770,287
290,1041,3,1041home3.jpg,970,959
291,1041,4,1041home4.jpg,940,103
292,1041,5,1041home5.jpg,355,215
293,1041,6,1041home6.jpg,961,468
294,1042,0,1042home0.jpg,558,70
295,1042,1,1042home1.jpg,503,736
296,1042,2,1042home2.jpg,899,10
297,1042,3,1042home3.jpg,237,185
298,1042,4,1042home4.jpg,5,273
299,1042,5,1042home5.jpg,818,444
300,1042,6,1042home6.jpg,330,890
301,1043,0,1043home0.jpg,434,565
302,1043,1,1043home1.jpg,399,484
303,1043,2,1043home2.jpg,935,22
304,1043,3,1043home3.jpg,186,490
305,1043,4,1043home4.jpg,873,68
306,1043,5,1043home5.jpg,420,134
307,1043,6,1043home6.jpg,523,484
308,1044,0,1044home0.jpg,583,690
309,1044,1,1044home1.jpg,368,345
310,1044,2,1044home2.jpg,844,799
311,1044,3,1044home3.jpg,516,731
312,1044,4,1044home4.jpg,185,330
313,1044,5,1044home5.jpg,576,469
314,1044,6,1044home6.jpg,361,148
315,1045,0,1045home0.jpg,122,869
317,1045,2,1045home2.jpg,535,980
316,1045,1,1045home1.jpg,486,617
318,1045,3,1045home3.jpg,666,265
319,1045,4,1045home4.jpg,404,650
320,1045,5,1045home5.jpg,728,886
321,1045,6,1045home6.jpg,169,965
322,1046,0,1046home0.jpg,827,416
324,1046,2,1046home2.jpg,88,322
323,1046,1,1046home1.jpg,735,768
325,1046,3,1046home3.jpg,539,433
326,1046,4,1046home4.jpg,349,928
327,1046,5,1046home5.jpg,396,877
328,1046,6,1046home6.jpg,467,980
329,1047,0,1047home0.jpg,121,930
330,1047,1,1047home1.jpg,878,68
331,1047,2,1047home2.jpg,670,461
332,1047,3,1047home3.jpg,791,56
333,1047,4,1047home4.jpg,173,897
334,1047,5,1047home5.jpg,471,619
335,1047,6,1047home6.jpg,152,386
336,1048,0,1048home0.jpg,402,366
337,1048,1,1048home1.jpg,735,73
338,1048,2,1048home2.jpg,935,442
339,1048,3,1048home3.jpg,949,660
340,1048,4,1048home4.jpg,639,818
341,1048,5,1048home5.jpg,161,976
342,1048,6,1048home6.jpg,482,31
343,1049,0,1049home0.jpg,105,871
344,1049,1,1049home1.jpg,503,544
345,1049,2,1049home2.jpg,761,369
346,1049,3,1049home3.jpg,275,967
347,1049,4,1049home4.jpg,927,476
348,1049,5,1049home5.jpg,931,894
349,1049,6,1049home6.jpg,975,343
350,1050,0,1050home0.jpg,604,589
351,1050,1,1050home1.jpg,523,566
352,1050,2,1050home2.jpg,963,127
353,1050,3,1050home3.jpg,473,905
354,1050,4,1050home4.jpg,853,243
355,1050,5,1050home5.jpg,38,42
356,1050,6,1050home6.jpg,513,838
357,1051,0,1051home0.jpg,549,577
358,1051,1,1051home1.jpg,766,63
359,1051,2,1051home2.jpg,866,920
360,1051,3,1051home3.jpg,7,426
361,1051,4,1051home4.jpg,128,571
362,1051,5,1051home5.jpg,976,251
363,1051,6,1051home6.jpg,377,549
364,1052,0,1052home0.jpg,851,66
365,1052,1,1052home1.jpg,764,184
367,1052,3,1052home3.jpg,423,213
366,1052,2,1052home2.jpg,143,125
369,1052,5,1052home5.jpg,149,399
368,1052,4,1052home4.jpg,188,795
370,1052,6,1052home6.jpg,590,537
371,1053,0,1053home0.jpg,661,473
372,1053,1,1053home1.jpg,484,931
373,1053,2,1053home2.jpg,249,548
374,1053,3,1053home3.jpg,492,717
376,1053,5,1053home5.jpg,875,57
375,1053,4,1053home4.jpg,603,914
377,1053,6,1053home6.jpg,187,64
378,1054,0,1054home0.jpg,398,15
379,1054,1,1054home1.jpg,648,61
380,1054,2,1054home2.jpg,796,202
381,1054,3,1054home3.jpg,448,638
382,1054,4,1054home4.jpg,495,28
383,1054,5,1054home5.jpg,755,983
384,1054,6,1054home6.jpg,816,826
385,1055,0,1055home0.jpg,473,139
387,1055,2,1055home2.jpg,560,260
386,1055,1,1055home1.jpg,417,742
388,1055,3,1055home3.jpg,475,334
389,1055,4,1055home4.jpg,843,798
390,1055,5,1055home5.jpg,994,322
391,1055,6,1055home6.jpg,919,582
392,1056,0,1056home0.jpg,389,656
393,1056,1,1056home1.jpg,497,40
394,1056,2,1056home2.jpg,23,918
395,1056,3,1056home3.jpg,423,71
396,1056,4,1056home4.jpg,466,788
397,1056,5,1056home5.jpg,47,853
398,1056,6,1056home6.jpg,547,576
399,1057,0,1057home0.jpg,888,271
400,1057,1,1057home1.jpg,905,469
401,1057,2,1057home2.jpg,476,682
402,1057,3,1057home3.jpg,654,773
403,1057,4,1057home4.jpg,918,678
404,1057,5,1057home5.jpg,655,769
405,1057,6,1057home6.jpg,685,360
406,1058,0,1058home0.jpg,66,561
407,1058,1,1058home1.jpg,952,244
408,1058,2,1058home2.jpg,511,907
409,1058,3,1058home3.jpg,732,69
410,1058,4,1058home4.jpg,707,100
411,1058,5,1058home5.jpg,9,778
412,1058,6,1058home6.jpg,930,478
413,1059,0,1059home0.jpg,256,568
414,1059,1,1059home1.jpg,931,951
416,1059,3,1059home3.jpg,869,598
415,1059,2,1059home2.jpg,841,975
417,1059,4,1059home4.jpg,521,643
418,1059,5,1059home5.jpg,233,22
420,1060,0,1060home0.jpg,44,405
419,1059,6,1059home6.jpg,57,105
421,1060,1,1060home1.jpg,663,883
422,1060,2,1060home2.jpg,675,175
423,1060,3,1060home3.jpg,686,528
424,1060,4,1060home4.jpg,609,827
425,1060,5,1060home5.jpg,415,397
426,1060,6,1060home6.jpg,542,667
427,1061,0,1061home0.jpg,365,368
428,1061,1,1061home1.jpg,931,810
429,1061,2,1061home2.jpg,745,770
430,1061,3,1061home3.jpg,264,268
431,1061,4,1061home4.jpg,694,250
432,1061,5,1061home5.jpg,279,475
433,1061,6,1061home6.jpg,443,950
434,1062,0,1062home0.jpg,937,507
436,1062,2,1062home2.jpg,532,599
435,1062,1,1062home1.jpg,349,198
437,1062,3,1062home3.jpg,262,835
439,1062,5,1062home5.jpg,836,889
438,1062,4,1062home4.jpg,911,334
440,1062,6,1062home6.jpg,146,910
441,1063,0,1063home0.jpg,506,125
443,1063,2,1063home2.jpg,416,485
442,1063,1,1063home1.jpg,896,29
444,1063,3,1063home3.jpg,393,829
445,1063,4,1063home4.jpg,848,320
446,1063,5,1063home5.jpg,436,941
447,1063,6,1063home6.jpg,386,380
448,1064,0,1064home0.jpg,686,895
449,1064,1,1064home1.jpg,194,883
450,1064,2,1064home2.jpg,109,687
451,1064,3,1064home3.jpg,162,846
452,1064,4,1064home4.jpg,792,99
453,1064,5,1064home5.jpg,376,805
454,1064,6,1064home6.jpg,326,914
455,1065,0,1065home0.jpg,955,508
456,1065,1,1065home1.jpg,460,640
457,1065,2,1065home2.jpg,774,979
458,1065,3,1065home3.jpg,61,99
459,1065,4,1065home4.jpg,853,783
460,1065,5,1065home5.jpg,974,317
461,1065,6,1065home6.jpg,539,820
462,1066,0,1066home0.jpg,7,788
463,1066,1,1066home1.jpg,295,974
464,1066,2,1066home2.jpg,524,271
465,1066,3,1066home3.jpg,422,853
466,1066,4,1066home4.jpg,155,542
467,1066,5,1066home5.jpg,274,540
468,1066,6,1066home6.jpg,756,709
469,1067,0,1067home0.jpg,392,380
470,1067,1,1067home1.jpg,717,755
471,1067,2,1067home2.jpg,449,223
472,1067,3,1067home3.jpg,870,73
473,1067,4,1067home4.jpg,455,587
474,1067,5,1067home5.jpg,906,299
475,1067,6,1067home6.jpg,406,602
476,1068,0,1068home0.jpg,211,206
477,1068,1,1068home1.jpg,322,684
478,1068,2,1068home2.jpg,451,484
479,1068,3,1068home3.jpg,905,858
480,1068,4,1068home4.jpg,414,562
481,1068,5,1068home5.jpg,577,565
482,1068,6,1068home6.jpg,175,705
483,1069,0,1069home0.jpg,268,119
484,1069,1,1069home1.jpg,286,207
485,1069,2,1069home2.jpg,41,506
486,1069,3,1069home3.jpg,211,396
487,1069,4,1069home4.jpg,136,809
488,1069,5,1069home5.jpg,615,708
489,1069,6,1069home6.jpg,733,957
490,1070,0,1070home0.jpg,356,747
491,1070,1,1070home1.jpg,401,760
492,1070,2,1070home2.jpg,893,712
493,1070,3,1070home3.jpg,51,9
494,1070,4,1070home4.jpg,411,819
495,1070,5,1070home5.jpg,476,367
496,1070,6,1070home6.jpg,763,619
497,1071,0,1071home0.jpg,993,506
498,1071,1,1071home1.jpg,905,280
499,1071,2,1071home2.jpg,958,123
500,1071,3,1071home3.jpg,45,339
501,1071,4,1071home4.jpg,466,874
502,1071,5,1071home5.jpg,28,344
503,1071,6,1071home6.jpg,760,598
505,1072,1,1072home1.jpg,694,567
504,1072,0,1072home0.jpg,727,28
506,1072,2,1072home2.jpg,136,143
507,1072,3,1072home3.jpg,186,688
509,1072,5,1072home5.jpg,732,14
508,1072,4,1072home4.jpg,426,877
510,1072,6,1072home6.jpg,793,75
512,1073,1,1073home1.jpg,51,975
511,1073,0,1073home0.jpg,14,107
513,1073,2,1073home2.jpg,178,453
514,1073,3,1073home3.jpg,96,864
515,1073,4,1073home4.jpg,859,38
516,1073,5,1073home5.jpg,407,242
517,1073,6,1073home6.jpg,241,69
518,1074,0,1074home0.jpg,17,586
519,1074,1,1074home1.jpg,154,251
520,1074,2,1074home2.jpg,560,980
521,1074,3,1074home3.jpg,230,336
522,1074,4,1074home4.jpg,138,299
523,1074,5,1074home5.jpg,838,563
524,1074,6,1074home6.jpg,733,942
525,1075,0,1075home0.jpg,346,872
526,1075,1,1075home1.jpg,46,203
527,1075,2,1075home2.jpg,143,296
528,1075,3,1075home3.jpg,494,157
529,1075,4,1075home4.jpg,856,703
530,1075,5,1075home5.jpg,278,49
531,1075,6,1075home6.jpg,41,73
532,1076,0,1076home0.jpg,769,862
533,1076,1,1076home1.jpg,856,84
534,1076,2,1076home2.jpg,702,807
535,1076,3,1076home3.jpg,884,267
536,1076,4,1076home4.jpg,138,229
537,1076,5,1076home5.jpg,931,227
538,1076,6,1076home6.jpg,761,103
539,1077,0,1077home0.jpg,185,580
540,1077,1,1077home1.jpg,414,399
542,1077,3,1077home3.jpg,806,323
541,1077,2,1077home2.jpg,334,341
543,1077,4,1077home4.jpg,962,298
544,1077,5,1077home5.jpg,660,297
545,1077,6,1077home6.jpg,423,313
546,1078,0,1078home0.jpg,827,480
547,1078,1,1078home1.jpg,272,539
548,1078,2,1078home2.jpg,450,985
549,1078,3,1078home3.jpg,771,140
551,1078,5,1078home5.jpg,777,737
550,1078,4,1078home4.jpg,460,420
553,1079,0,1079home0.jpg,774,526
552,1078,6,1078home6.jpg,649,810
554,1079,1,1079home1.jpg,532,387
555,1079,2,1079home2.jpg,130,203
556,1079,3,1079home3.jpg,376,48
557,1079,4,1079home4.jpg,458,258
558,1079,5,1079home5.jpg,412,158
559,1079,6,1079home6.jpg,729,924
560,1080,0,1080home0.jpg,215,524
561,1080,1,1080home1.jpg,681,622
562,1080,2,1080home2.jpg,472,681
563,1080,3,1080home3.jpg,223,642
564,1080,4,1080home4.jpg,844,707
565,1080,5,1080home5.jpg,581,603
566,1080,6,1080home6.jpg,124,74
567,1081,0,1081home0.jpg,318,374
568,1081,1,1081home1.jpg,166,931
569,1081,2,1081home2.jpg,688,906
570,1081,3,1081home3.jpg,203,832
571,1081,4,1081home4.jpg,406,193
572,1081,5,1081home5.jpg,791,252
573,1081,6,1081home6.jpg,441,652
574,1082,0,1082home0.jpg,642,10
575,1082,1,1082home1.jpg,250,977
576,1082,2,1082home2.jpg,495,781
577,1082,3,1082home3.jpg,339,360
578,1082,4,1082home4.jpg,346,199
579,1082,5,1082home5.jpg,676,668
580,1082,6,1082home6.jpg,524,619
581,1083,0,1083home0.jpg,236,963
582,1083,1,1083home1.jpg,653,724
583,1083,2,1083home2.jpg,732,334
584,1083,3,1083home3.jpg,673,124
586,1083,5,1083home5.jpg,466,850
587,1083,6,1083home6.jpg,496,162
585,1083,4,1083home4.jpg,318,737
588,1084,0,1084home0.jpg,876,156
589,1084,1,1084home1.jpg,59,459
590,1084,2,1084home2.jpg,370,764
591,1084,3,1084home3.jpg,409,708
592,1084,4,1084home4.jpg,508,891
593,1084,5,1084home5.jpg,754,411
595,1085,0,1085home0.jpg,918,522
594,1084,6,1084home6.jpg,41,913
596,1085,1,1085home1.jpg,193,63
597,1085,2,1085home2.jpg,962,662
598,1085,3,1085home3.jpg,379,109
599,1085,4,1085home4.jpg,325,326
600,1085,5,1085home5.jpg,278,535
601,1085,6,1085home6.jpg,805,859
602,1086,0,1086home0.jpg,201,764
603,1086,1,1086home1.jpg,190,449
604,1086,2,1086home2.jpg,19,383
605,1086,3,1086home3.jpg,535,273
606,1086,4,1086home4.jpg,856,823
607,1086,5,1086home5.jpg,761,82
608,1086,6,1086home6.jpg,304,92
609,1087,0,1087home0.jpg,987,987
610,1087,1,1087home1.jpg,553,113
611,1087,2,1087home2.jpg,893,910
612,1087,3,1087home3.jpg,681,344
613,1087,4,1087home4.jpg,483,358
615,1087,6,1087home6.jpg,583,746
614,1087,5,1087home5.jpg,101,297
616,1088,0,1088home0.jpg,574,144
617,1088,1,1088home1.jpg,818,147
619,1088,3,1088home3.jpg,955,27
618,1088,2,1088home2.jpg,414,643
620,1088,4,1088home4.jpg,409,754
621,1088,5,1088home5.jpg,287,498
622,1088,6,1088home6.jpg,800,622
623,1089,0,1089home0.jpg,480,7
624,1089,1,1089home1.jpg,512,354
625,1089,2,1089home2.jpg,149,975
627,1089,4,1089home4.jpg,268,967
626,1089,3,1089home3.jpg,910,650
628,1089,5,1089home5.jpg,663,476
629,1089,6,1089home6.jpg,228,243
630,1090,0,1090home0.jpg,504,597
631,1090,1,1090home1.jpg,510,238
633,1090,3,1090home3.jpg,19,89
632,1090,2,1090home2.jpg,971,386
634,1090,4,1090home4.jpg,129,465
635,1090,5,1090home5.jpg,556,161
636,1090,6,1090home6.jpg,358,195
637,1091,0,1091home0.jpg,469,408
638,1091,1,1091home1.jpg,415,419
639,1091,2,1091home2.jpg,564,613
640,1091,3,1091home3.jpg,234,848
641,1091,4,1091home4.jpg,311,704
642,1091,5,1091home5.jpg,312,545
643,1091,6,1091home6.jpg,436,912
644,1092,0,1092home0.jpg,729,723
645,1092,1,1092home1.jpg,246,840
646,1092,2,1092home2.jpg,496,760
647,1092,3,1092home3.jpg,865,187
648,1092,4,1092home4.jpg,753,255
649,1092,5,1092home5.jpg,596,635
650,1092,6,1092home6.jpg,354,135
651,1093,0,1093home0.jpg,422,699
652,1093,1,1093home1.jpg,194,768
653,1093,2,1093home2.jpg,615,320
654,1093,3,1093home3.jpg,638,323
655,1093,4,1093home4.jpg,667,590
656,1093,5,1093home5.jpg,773,830
657,1093,6,1093home6.jpg,552,167
658,1094,0,1094home0.jpg,252,526
659,1094,1,1094home1.jpg,386,44
660,1094,2,1094home2.jpg,698,411
661,1094,3,1094home3.jpg,562,649
662,1094,4,1094home4.jpg,476,934
664,1094,6,1094home6.jpg,878,996
663,1094,5,1094home5.jpg,925,668
665,1095,0,1095home0.jpg,422,607
666,1095,1,1095home1.jpg,50,504
667,1095,2,1095home2.jpg,451,820
668,1095,3,1095home3.jpg,28,128
670,1095,5,1095home5.jpg,975,199
669,1095,4,1095home4.jpg,454,944
671,1095,6,1095home6.jpg,636,955
672,1096,0,1096home0.jpg,192,331
673,1096,1,1096home1.jpg,483,873
674,1096,2,1096home2.jpg,69,604
675,1096,3,1096home3.jpg,152,141
676,1096,4,1096home4.jpg,52,931
677,1096,5,1096home5.jpg,632,851
679,1097,0,1097home0.jpg,670,851
678,1096,6,1096home6.jpg,312,165
680,1097,1,1097home1.jpg,336,219
681,1097,2,1097home2.jpg,113,928
682,1097,3,1097home3.jpg,665,494
683,1097,4,1097home4.jpg,174,548
684,1097,5,1097home5.jpg,181,584
685,1097,6,1097home6.jpg,702,987
686,1098,0,1098home0.jpg,855,457
687,1098,1,1098home1.jpg,600,96
688,1098,2,1098home2.jpg,860,572
690,1098,4,1098home4.jpg,645,981
689,1098,3,1098home3.jpg,587,862
691,1098,5,1098home5.jpg,854,627
692,1098,6,1098home6.jpg,442,403
693,1099,0,1099home0.jpg,361,90
695,1099,2,1099home2.jpg,786,493
696,1099,3,1099home3.jpg,481,631
694,1099,1,1099home1.jpg,347,785
697,1099,4,1099home4.jpg,257,509
698,1099,5,1099home5.jpg,805,21
699,1099,6,1099home6.jpg,176,682
700,1100,0,1100home0.jpg,653,8
702,1100,2,1100home2.jpg,234,354
703,1100,3,1100home3.jpg,141,567
701,1100,1,1100home1.jpg,919,940
704,1100,4,1100home4.jpg,860,569
705,1100,5,1100home5.jpg,855,889
706,1100,6,1100home6.jpg,958,559
707,1101,0,1101home0.jpg,324,514
708,1101,1,1101home1.jpg,697,285
709,1101,2,1101home2.jpg,617,685
710,1101,3,1101home3.jpg,87,77
711,1101,4,1101home4.jpg,222,884
712,1101,5,1101home5.jpg,104,66
713,1101,6,1101home6.jpg,389,489
714,1102,0,1102home0.jpg,226,104
715,1102,1,1102home1.jpg,871,985
716,1102,2,1102home2.jpg,530,992
717,1102,3,1102home3.jpg,63,934
718,1102,4,1102home4.jpg,665,802
719,1102,5,1102home5.jpg,668,999
720,1102,6,1102home6.jpg,335,445
721,1103,0,1103home0.jpg,491,55
722,1103,1,1103home1.jpg,706,79
723,1103,2,1103home2.jpg,756,812
725,1103,4,1103home4.jpg,770,496
724,1103,3,1103home3.jpg,148,295
726,1103,5,1103home5.jpg,365,767
727,1103,6,1103home6.jpg,785,536
728,1104,0,1104home0.jpg,896,118
729,1104,1,1104home1.jpg,400,669
730,1104,2,1104home2.jpg,768,498
731,1104,3,1104home3.jpg,612,504
732,1104,4,1104home4.jpg,944,988
733,1104,5,1104home5.jpg,416,687
734,1104,6,1104home6.jpg,592,904
735,1105,0,1105home0.jpg,939,497
736,1105,1,1105home1.jpg,684,449
737,1105,2,1105home2.jpg,540,629
738,1105,3,1105home3.jpg,44,221
739,1105,4,1105home4.jpg,388,53
740,1105,5,1105home5.jpg,201,501
741,1105,6,1105home6.jpg,744,560
742,1106,0,1106home0.jpg,758,315
743,1106,1,1106home1.jpg,803,448
744,1106,2,1106home2.jpg,14,682
745,1106,3,1106home3.jpg,468,437
746,1106,4,1106home4.jpg,783,93
747,1106,5,1106home5.jpg,381,908
748,1106,6,1106home6.jpg,23,953
749,1107,0,1107home0.jpg,738,207
750,1107,1,1107home1.jpg,260,310
751,1107,2,1107home2.jpg,304,342
752,1107,3,1107home3.jpg,666,760
753,1107,4,1107home4.jpg,533,410
754,1107,5,1107home5.jpg,387,544
755,1107,6,1107home6.jpg,874,786
756,1108,0,1108home0.jpg,304,794
757,1108,1,1108home1.jpg,73,158
758,1108,2,1108home2.jpg,559,580
759,1108,3,1108home3.jpg,486,238
760,1108,4,1108home4.jpg,853,163
761,1108,5,1108home5.jpg,153,145
762,1108,6,1108home6.jpg,402,270
763,1109,0,1109home0.jpg,824,621
764,1109,1,1109home1.jpg,408,15
765,1109,2,1109home2.jpg,694,171
766,1109,3,1109home3.jpg,687,661
767,1109,4,1109home4.jpg,883,21
768,1109,5,1109home5.jpg,372,632
769,1109,6,1109home6.jpg,221,612
770,1110,0,1110home0.jpg,21,72
771,1110,1,1110home1.jpg,101,318
772,1110,2,1110home2.jpg,543,127
773,1110,3,1110home3.jpg,589,993
774,1110,4,1110home4.jpg,386,593
775,1110,5,1110home5.jpg,810,521
776,1110,6,1110home6.jpg,744,407
777,1111,0,1111home0.jpg,656,59
778,1111,1,1111home1.jpg,200,534
779,1111,2,1111home2.jpg,412,80
780,1111,3,1111home3.jpg,319,614
781,1111,4,1111home4.jpg,630,787
782,1111,5,1111home5.jpg,251,746
784,1112,0,1112home0.jpg,659,966
783,1111,6,1111home6.jpg,720,632
785,1112,1,1112home1.jpg,353,782
786,1112,2,1112home2.jpg,646,653
787,1112,3,1112home3.jpg,891,201
788,1112,4,1112home4.jpg,148,510
789,1112,5,1112home5.jpg,690,854
790,1112,6,1112home6.jpg,333,700
794,1113,3,1113home3.jpg,711,632
795,1113,4,1113home4.jpg,564,796
796,1113,5,1113home5.jpg,111,753
797,1113,6,1113home6.jpg,410,470
793,1113,2,1113home2.jpg,239,753
798,1114,0,1114home0.jpg,834,918
799,1114,1,1114home1.jpg,143,510
801,1114,3,1114home3.jpg,413,336
800,1114,2,1114home2.jpg,867,958
803,1114,5,1114home5.jpg,295,476
802,1114,4,1114home4.jpg,349,140
804,1114,6,1114home6.jpg,385,219
805,1115,0,1115home0.jpg,741,799
806,1115,1,1115home1.jpg,337,54
808,1115,3,1115home3.jpg,189,667
807,1115,2,1115home2.jpg,989,80
809,1115,4,1115home4.jpg,97,644
810,1115,5,1115home5.jpg,222,760
811,1115,6,1115home6.jpg,219,483
791,1113,0,1113home0.jpg,725,300
792,1113,1,1113home1.jpg,676,965
812,1116,0,1116home0.jpg,913,911
813,1116,1,1116home1.jpg,21,811
814,1116,2,1116home2.jpg,836,946
815,1116,3,1116home3.jpg,290,263
816,1116,4,1116home4.jpg,47,684
817,1116,5,1116home5.jpg,98,257
818,1116,6,1116home6.jpg,419,744
819,1117,0,1117home0.jpg,612,49
820,1117,1,1117home1.jpg,118,62
821,1117,2,1117home2.jpg,148,728
822,1117,3,1117home3.jpg,88,143
823,1117,4,1117home4.jpg,208,731
824,1117,5,1117home5.jpg,411,698
825,1117,6,1117home6.jpg,323,166
827,1118,1,1118home1.jpg,364,101
826,1118,0,1118home0.jpg,843,431
829,1118,3,1118home3.jpg,207,663
828,1118,2,1118home2.jpg,615,355
830,1118,4,1118home4.jpg,457,990
831,1118,5,1118home5.jpg,224,435
832,1118,6,1118home6.jpg,93,459
834,1119,1,1119home1.jpg,597,136
833,1119,0,1119home0.jpg,691,97
835,1119,2,1119home2.jpg,619,320
837,1119,4,1119home4.jpg,365,346
836,1119,3,1119home3.jpg,394,937
838,1119,5,1119home5.jpg,336,219
839,1119,6,1119home6.jpg,27,602
840,1120,0,1120home0.jpg,259,580
841,1120,1,1120home1.jpg,16,768
842,1120,2,1120home2.jpg,925,941
843,1120,3,1120home3.jpg,221,213
844,1120,4,1120home4.jpg,698,190
845,1120,5,1120home5.jpg,834,9
846,1120,6,1120home6.jpg,532,150
847,1121,0,1121home0.jpg,339,890
848,1121,1,1121home1.jpg,888,513
849,1121,2,1121home2.jpg,556,794
850,1121,3,1121home3.jpg,592,60
851,1121,4,1121home4.jpg,554,341
852,1121,5,1121home5.jpg,249,798
853,1121,6,1121home6.jpg,705,649
854,1122,0,1122home0.jpg,804,839
855,1122,1,1122home1.jpg,475,550
856,1122,2,1122home2.jpg,404,958
857,1122,3,1122home3.jpg,746,688
858,1122,4,1122home4.jpg,543,12
859,1122,5,1122home5.jpg,992,336
860,1122,6,1122home6.jpg,786,314
861,1123,0,1123home0.jpg,596,87
862,1123,1,1123home1.jpg,134,347
863,1123,2,1123home2.jpg,123,143
864,1123,3,1123home3.jpg,171,783
865,1123,4,1123home4.jpg,3,568
866,1123,5,1123home5.jpg,335,24
867,1123,6,1123home6.jpg,247,908
868,1124,0,1124home0.jpg,757,661
869,1124,1,1124home1.jpg,762,457
870,1124,2,1124home2.jpg,71,668
871,1124,3,1124home3.jpg,212,380
872,1124,4,1124home4.jpg,470,525
873,1124,5,1124home5.jpg,107,24
874,1124,6,1124home6.jpg,989,981
875,1125,0,1125home0.jpg,699,901
876,1125,1,1125home1.jpg,701,696
877,1125,2,1125home2.jpg,131,155
878,1125,3,1125home3.jpg,686,603
879,1125,4,1125home4.jpg,418,933
880,1125,5,1125home5.jpg,320,639
881,1125,6,1125home6.jpg,493,691
882,1126,0,1126home0.jpg,259,125
883,1126,1,1126home1.jpg,221,858
884,1126,2,1126home2.jpg,709,540
885,1126,3,1126home3.jpg,55,809
886,1126,4,1126home4.jpg,485,502
887,1126,5,1126home5.jpg,284,267
888,1126,6,1126home6.jpg,901,38
889,1127,0,1127home0.jpg,44,289
890,1127,1,1127home1.jpg,994,153
891,1127,2,1127home2.jpg,564,891
892,1127,3,1127home3.jpg,73,493
893,1127,4,1127home4.jpg,493,703
894,1127,5,1127home5.jpg,998,716
895,1127,6,1127home6.jpg,453,475
896,1128,0,1128home0.jpg,198,461
897,1128,1,1128home1.jpg,741,272
898,1128,2,1128home2.jpg,120,623
899,1128,3,1128home3.jpg,534,560
900,1128,4,1128home4.jpg,717,682
901,1128,5,1128home5.jpg,282,776
902,1128,6,1128home6.jpg,681,862
903,1129,0,1129home0.jpg,745,443
904,1129,1,1129home1.jpg,751,674
905,1129,2,1129home2.jpg,219,9
906,1129,3,1129home3.jpg,301,7
907,1129,4,1129home4.jpg,182,303
908,1129,5,1129home5.jpg,855,598
909,1129,6,1129home6.jpg,849,472
910,1130,0,1130home0.jpg,558,248
911,1130,1,1130home1.jpg,726,103
912,1130,2,1130home2.jpg,221,260
913,1130,3,1130home3.jpg,211,562
914,1130,4,1130home4.jpg,268,6
915,1130,5,1130home5.jpg,594,419
916,1130,6,1130home6.jpg,495,325
918,1131,1,1131home1.jpg,768,572
917,1131,0,1131home0.jpg,183,620
919,1131,2,1131home2.jpg,208,544
920,1131,3,1131home3.jpg,922,40
921,1131,4,1131home4.jpg,74,628
922,1131,5,1131home5.jpg,975,805
923,1131,6,1131home6.jpg,369,22
924,1132,0,1132home0.jpg,864,191
925,1132,1,1132home1.jpg,320,418
926,1132,2,1132home2.jpg,102,38
927,1132,3,1132home3.jpg,751,289
928,1132,4,1132home4.jpg,195,197
929,1132,5,1132home5.jpg,220,943
930,1132,6,1132home6.jpg,277,799
931,1133,0,1133home0.jpg,665,973
932,1133,1,1133home1.jpg,996,785
933,1133,2,1133home2.jpg,750,118
934,1133,3,1133home3.jpg,537,455
935,1133,4,1133home4.jpg,990,794
936,1133,5,1133home5.jpg,140,706
937,1133,6,1133home6.jpg,364,588
938,1134,0,1134home0.jpg,350,1
939,1134,1,1134home1.jpg,534,476
940,1134,2,1134home2.jpg,303,123
941,1134,3,1134home3.jpg,511,962
942,1134,4,1134home4.jpg,454,277
943,1134,5,1134home5.jpg,990,32
944,1134,6,1134home6.jpg,27,181
945,1135,0,1135home0.jpg,662,107
946,1135,1,1135home1.jpg,106,465
947,1135,2,1135home2.jpg,436,618
948,1135,3,1135home3.jpg,51,370
949,1135,4,1135home4.jpg,327,702
950,1135,5,1135home5.jpg,474,289
951,1135,6,1135home6.jpg,925,644
952,1136,0,1136home0.jpg,66,487
953,1136,1,1136home1.jpg,391,643
954,1136,2,1136home2.jpg,887,718
955,1136,3,1136home3.jpg,516,912
956,1136,4,1136home4.jpg,594,167
957,1136,5,1136home5.jpg,416,150
958,1136,6,1136home6.jpg,717,990
959,1137,0,1137home0.jpg,555,526
960,1137,1,1137home1.jpg,480,510
961,1137,2,1137home2.jpg,923,337
962,1137,3,1137home3.jpg,433,396
963,1137,4,1137home4.jpg,217,812
964,1137,5,1137home5.jpg,978,526
965,1137,6,1137home6.jpg,697,78
966,1138,0,1138home0.jpg,939,160
967,1138,1,1138home1.jpg,88,889
968,1138,2,1138home2.jpg,364,993
969,1138,3,1138home3.jpg,425,651
970,1138,4,1138home4.jpg,171,106
971,1138,5,1138home5.jpg,671,801
972,1138,6,1138home6.jpg,910,941
973,1139,0,1139home0.jpg,128,254
974,1139,1,1139home1.jpg,585,442
975,1139,2,1139home2.jpg,372,704
976,1139,3,1139home3.jpg,191,512
977,1139,4,1139home4.jpg,220,267
978,1139,5,1139home5.jpg,75,687
979,1139,6,1139home6.jpg,229,792
980,1140,0,1140home0.jpg,10,771
981,1140,1,1140home1.jpg,65,790
982,1140,2,1140home2.jpg,492,292
983,1140,3,1140home3.jpg,903,581
984,1140,4,1140home4.jpg,389,693
985,1140,5,1140home5.jpg,470,968
986,1140,6,1140home6.jpg,502,812
987,1141,0,1141home0.jpg,757,323
988,1141,1,1141home1.jpg,1,781
989,1141,2,1141home2.jpg,277,86
990,1141,3,1141home3.jpg,440,898
991,1141,4,1141home4.jpg,15,841
992,1141,5,1141home5.jpg,824,222
993,1141,6,1141home6.jpg,576,664
994,1142,0,1142home0.jpg,493,845
995,1142,1,1142home1.jpg,308,603
996,1142,2,1142home2.jpg,76,937
997,1142,3,1142home3.jpg,487,361
998,1142,4,1142home4.jpg,511,821
999,1142,5,1142home5.jpg,206,632
1000,1142,6,1142home6.jpg,309,634